<?xml version="1.0" encoding="UTF-8"?>
<!DOCTYPE book PUBLIC "-//OASIS//DTD DocBook XML V4.4//EN" "http://www.oasis-open.org/docbook/xml/4.4/docbookx.dtd">
<!--
    Copyright 2010 The myBatis Team

    Licensed under the Apache License, Version 2.0 (the "License");
    you may not use this file except in compliance with the License.
    You may obtain a copy of the License at

        http://www.apache.org/licenses/LICENSE-2.0

    Unless required by applicable law or agreed to in writing, software
    distributed under the License is distributed on an "AS IS" BASIS,
    WITHOUT WARRANTIES OR CONDITIONS OF ANY KIND, either express or implied.
    See the License for the specific language governing permissions and
    limitations under the License.
-->

<!--
    version: $Id$
-->
<book xmlns:xi="http://www.w3.org/2001/XInclude">

  <bookinfo>
    <title>MyBatis-Spring <?eval ${project.version}?> - Reference Documentation</title>

    <authorgroup>
      <author>
        <firstname>The MyBatis Community</firstname>
        <affiliation>
          <orgname>MyBatis.org</orgname>
        </affiliation>
      </author>
    </authorgroup>

    <legalnotice>
      <para>Copies of this document may be made for your own use and for
        distribution to others, provided that you do not charge any fee for such
        copies and further provided that each copy contains this Copyright
        Notice, whether distributed in print or electronically.
      </para>
    </legalnotice>
  </bookinfo>

  <xi:include href="introduction.xml" />
  <xi:include href="getting_started.xml" />
  <xi:include href="factorybean.xml" />
  <xi:include href="transactions.xml" />
  <xi:include href="templates_support.xml" />
  <xi:include href="mappers.xml" />
  <xi:include href="using_api.xml" />
  <xi:include href="sample.xml" />

</book>
